mean,std,min,max,range,rms,energy,skewness,kurtosis,prev_rr,next_rr,label,record,sample,ecg_0,ecg_1,ecg_2,ecg_3,ecg_4,ecg_5,ecg_6,ecg_7,ecg_8,ecg_9,ecg_10,ecg_11,ecg_12,ecg_13,ecg_14,ecg_15,ecg_16,ecg_17,ecg_18,ecg_19,ecg_20,ecg_21,ecg_22,ecg_23,ecg_24,ecg_25,ecg_26,ecg_27,ecg_28,ecg_29,ecg_30,ecg_31,ecg_32,ecg_33,ecg_34,ecg_35,ecg_36,ecg_37,ecg_38,ecg_39,ecg_40,ecg_41,ecg_42,ecg_43,ecg_44,ecg_45,ecg_46,ecg_47,ecg_48,ecg_49,ecg_50,ecg_51,ecg_52,ecg_53,ecg_54,ecg_55,ecg_56,ecg_57,ecg_58,ecg_59
-0.0085450839444263,0.0463475045074446,-0.0670559426909882,0.0890363669391354,0.156092309630124,0.0467472792161972,0.131118486847026,0.876775271551912,2.4625220101038,0.8,0.8,SYNTHETIC_TEST,MATLAB_001,1,-0.0333177135285948,-0.0372853250884145,-0.0420981822996172,-0.0481330149028912,-0.0549375855994004,-0.0612783409451167,-0.0656670978050575,-0.0670559426909882,-0.0651902693101115,-0.0604353203933178,-0.0534112478808861,-0.0448760648955609,-0.0358922977129729,-0.0279136218756902,-0.0224739517878142,-0.02057837510026,-0.0222318931700274,-0.026418862802563,-0.0314301797491521,-0.0352802237182756,-0.0361761299344342,-0.0331227770316771,-0.0265388428875092,-0.0185365500259788,-0.012525812895087,-0.0120029709118692,-0.0187971835262542,-0.031637742318164,-0.0461427439184393,-0.0565946829747925,-0.0585087164052951,-0.0503221521026715,-0.0333137825044679,-0.0103177771627802,0.0154992128921546,0.0410688329151078,0.063361942034695,0.0796099651706265,0.0881035853867748,0.0890363669391354,0.0845890748840138,0.0779948455309269,0.0721032813238603,0.068260417560125,0.0659996815167973,0.0635316094673961,0.0587196808528642,0.0501119696895454,0.0375765342971157,0.0222766290635542,0.00611784479828728,-0.00889834764549143,-0.0210544893413168,-0.0290398906177532,-0.0320978919973646,-0.0303634370619129,-0.0251901454899559,-0.0190759985767334,-0.0150147577868828,-0.015488176615015
0.0682298638635015,0.361221919454781,-0.251779046166599,1.10704693565298,1.35882598181958,0.364639412981078,7.97771408995112,1.83521821770905,5.03351556831533,0.8,0.8,SYNTHETIC_TEST,MATLAB_001,2,-0.0215151822667617,-0.0321547637179304,-0.0447379407234551,-0.0558426433582838,-0.0626384890727242,-0.0640107526294968,-0.0610313156809784,-0.0566355964060674,-0.0545200702363724,-0.0574934559407826,-0.0659569754864972,-0.0774067676022092,-0.0874134379523845,-0.0917355678750541,-0.088601250661523,-0.079946611319889,-0.0707066391287116,-0.0663082555493413,-0.0698062416018955,-0.0804457198411725,-0.0943830385477618,-0.106862621506278,-0.114529729863771,-0.11681047287326,-0.11578726416852,-0.114498408775786,-0.114198587905243,-0.111700220012764,-0.0981244354137608,-0.0600690656616978,0.0165749620979453,0.141048946433851,0.312412569499422,0.516865357287848,0.729110806236631,0.917450538994552,1.05100550320097,1.10704693565298,1.07646339796431,0.965692907989353,0.794385327482807,0.589662047566312,0.37922694803177,0.185781063856776,0.0241698428597737,-0.0987566897340976,-0.182607309612398,-0.231420803876161,-0.251779046166599,-0.251133760826318,-0.236384631052037,-0.213004368337563,-0.184963614301973,-0.15531700672921,-0.126984233384799,-0.103176083640096,-0.087046355465079,-0.080553428262612,-0.0831078040763282,-0.0909986660995732
0.0543850550170304,0.118758428711689,-0.0999466766953616,0.263782331287504,0.363729007982865,0.129715994359885,1.00957435156642,0.343314484378275,1.62760126198468,0.8,0.8,SYNTHETIC_TEST,MATLAB_001,3,-0.0984166829430303,-0.0999466766953616,-0.0931867688952374,-0.079800297521109,-0.0644004007789368,-0.0522173723589104,-0.0470066816506673,-0.049960970164865,-0.0596049209473703,-0.0724721829670363,-0.0843897836943236,-0.0919431945165338,-0.0934407783619039,-0.0889563197030524,-0.0796585636436771,-0.0670070936573241,-0.0522665521086939,-0.0364641047281099,-0.0206561238336712,-0.00621543644233239,0.00517158891585822,0.0119237399696432,0.0131881385250608,0.00924570898543743,0.00144426856591345,-0.00820613361350292,-0.0174640731138744,-0.0241662723255884,-0.0264810754809628,-0.0231950036076028,-0.0140035328700546,0.000332309588301573,0.0180989642393382,0.0370615502297325,0.0551831732143707,0.0714465143162872,0.0863111380840927,0.10131475059792,0.117878160644921,0.136072376544383,0.154212986232809,0.16954212067618,0.179529751582674,0.183082622630298,0.181211257437616,0.176989356852927,0.174703958894558,0.178288418935975,0.189636195960094,0.207682553760611,0.22874785977271,0.247889308360102,0.260542791764061,0.263782331287504,0.256890080169107,0.241297969883891,0.220101767485355,0.197290181124647,0.176814822845812,0.161721579567369
-0.0148912187511738,0.0819452989662035,-0.113009897411397,0.161468358398311,0.274478255809708,0.082612730363898,0.409491793090687,1.04203414959052,2.88489548566536,0.8,0.8,SYNTHETIC_TEST,MATLAB_001,4,0.153556118801031,0.152079009824029,0.155256715825917,0.159662375579522,0.161468358398311,0.157818519777373,0.147851082843433,0.132662682016907,0.114227253283741,0.0941029233123047,0.0729102011591733,0.0509024293569625,0.0290346869073716,0.00950626913120559,-0.00484369295876043,-0.0119757223792648,-0.0119005294882741,-0.00681317203938843,-1.96093571155113e-05,0.00557021014580857,0.00841170947737092,0.00828411426786993,0.00545893626327675,-0.000233134883583058,-0.00969630916383272,-0.0239318028469315,-0.042910851402706,-0.0648179022366653,-0.0862377457565454,-0.103201434317543,-0.112547378343664,-0.113009897411397,-0.10562915127679,-0.0932513795774081,-0.0791908724097957,-0.0657483311918982,-0.0536801349166567,-0.0430672743493341,-0.03470424556684,-0.0305548406747119,-0.0326814852487709,-0.0414696864623316,-0.0546526609514749,-0.068091407541817,-0.0779236544330925,-0.0825830555366407,-0.08324070392239,-0.0824578697729128,-0.0822158026078175,-0.0828045381595931,-0.0831549750914602,-0.0820641422178721,-0.0792917917704756,-0.0757664032546276,-0.0728168741842591,-0.0710657862134014,-0.069882308987084,-0.0678848577748507,-0.06425077621913,-0.059972528542927
-0.0850392017285918,0.0224572388500869,-0.118832801058046,-0.0410744732791504,0.077758327778896,0.0879067002440266,0.463655276867589,0.545071142690185,2.1147277843009,0.8,0.8,SYNTHETIC_TEST,MATLAB_001,5,-0.0579949829229605,-0.0617117864586229,-0.0725504252792646,-0.0883887171911085,-0.10419925086606,-0.114670740398764,-0.116983260618841,-0.111822248842149,-0.10218447995468,-0.0912095812206971,-0.0807133014276255,-0.0711432567947603,-0.0624007652424872,-0.0545284421956111,-0.0478660400778469,-0.0430365667185234,-0.0410744732791504,-0.0433567566323121,-0.0508253836895227,-0.0627392690170457,-0.0760351821060431,-0.086192282896167,-0.0893008077393221,-0.0840340810363084,-0.0723352059250363,-0.0585483306608016,-0.0475949783940587,-0.0431473663124469,-0.0465642585198867,-0.0568226840147275,-0.0711537590814286,-0.0859468957103297,-0.0977321744950535,-0.104214939074292,-0.105083338294814,-0.102034056188247,-0.0977908571646565,-0.0946619154005865,-0.0935416833696127,-0.0938582513083564,-0.0943289282922348,-0.0940135564422657,-0.0930528821827211,-0.0926370921808521,-0.0941968249160207,-0.0983054830570533,-0.104002178774636,-0.109029570750979,-0.110906669853793,-0.108235284201541,-0.10157525790633,-0.0935013537011316,-0.0877272885909076,-0.0874716225905092,-0.0937004608208014,-0.104220106704285,-0.114322313565182,-0.118832801058046,-0.114547607280789,-0.101752044325222
-0.0389160537344963,0.0479991131922061,-0.102741986350036,0.060051083043088,0.162793069393124,0.0614815055474716,0.226798531463027,0.958919775899498,2.65392245184619,0.8,0.8,SYNTHETIC_TEST,MATLAB_001,6,-0.0840213553315766,-0.0664948260949055,-0.0536474735372425,-0.0477248960407521,-0.0484248607670252,-0.0536028790241762,-0.0603501700558668,-0.0659042185073422,-0.0682098367440976,-0.0662155275228533,-0.0600564310303318,-0.051172987235811,-0.0421872269893324,-0.036220998705296,-0.0356362337854689,-0.0407757915359882,-0.0495227627006196,-0.05807178891311,-0.0625838998419705,-0.0608223725642751,-0.0527803856398825,-0.0399877360927898,-0.024250629560586,-0.00694921386106319,0.0107653293041588,0.0275136237710927,0.0416909338089452,0.0519812186513875,0.0579170604879579,0.060051083043088,0.0596173169895107,0.0578408054034876,0.0552048367722528,0.0510277406524399,0.0436255903971048,0.0310881381678906,0.0123750787484859,-0.0117212462711714,-0.0381980963888977,-0.0624331686196532,-0.0798015260605292,-0.0876683910385318,-0.0865590430266544,-0.0796839790311017,-0.0711761687751429,-0.0642573115211989,-0.0603295647194156,-0.0591556472198606,-0.0596790279509199,-0.0609109301657188,-0.0625178348639383,-0.0649964846372818,-0.0693888800789942,-0.0765211999908239,-0.0860333716912318,-0.0958182795812923,-0.102462539037487,-0.102741986350036,-0.0954654448458706,-0.0825273563194639
0.0507477391513717,0.370655392395521,-0.355973371931645,1.08729738470159,1.44327075663324,0.371040423596031,8.26025975653933,1.70832183435814,4.74162689068623,0.8,0.8,SYNTHETIC_TEST,MATLAB_001,7,-0.0683770423108303,-0.0580877705163259,-0.0550883960424285,-0.0597806247437717,-0.0696465122844595,-0.0805469981156032,-0.0884153727034142,-0.0906866891296732,-0.0871543859589695,-0.0801419918809084,-0.0739848875925071,-0.0738790210360461,-0.0840920480859524,-0.105600950259781,-0.133784394764582,-0.157494683289953,-0.160699524317247,-0.126622981212656,-0.042885278515866,0.0942644546041381,0.277792073210386,0.490040984934709,0.705111428393135,0.893319891217738,1.02715769424972,1.08729738470159,1.06669094105997,0.971322034247263,0.817523364154803,0.627144155022436,0.422512490880465,0.222807853808993,0.0424402839329488,-0.10895745763604,-0.225731666013699,-0.305324949876853,-0.34780194271451,-0.355973371931645,-0.335797897770088,-0.296211828138846,-0.247623210005766,-0.19933401700539,-0.157307310707224,-0.12366418965725,-0.0979571583223377,-0.0789789352091286,-0.0658313032514417,-0.0579745482315025,-0.0548741348216165,-0.0559113101124308,-0.0606259053586505,-0.0688158219192953,-0.0800743345982325,-0.0929837869619401,-0.104743279251754,-0.111806005495744,-0.111296662305519,-0.102387069704955,-0.086878850356272,-0.0687241852168842
0.0921837231102224,0.104439672554995,-0.0775371383282796,0.224000057838821,0.301537196167101,0.138649521900126,1.15342139538801,-0.21340694681673,1.56307197435863,0.8,0.8,SYNTHETIC_TEST,MATLAB_001,8,-0.0527168079748209,-0.0429118735106866,-0.0413678673383338,-0.0475624789110227,-0.0585704011836747,-0.0699670490434963,-0.0772805360942964,-0.0775371383282796,-0.0702525180332539,-0.057401002946783,-0.0424161660603354,-0.0287652252330359,-0.018751363349649,-0.0129513358258592,-0.0103519505352382,-0.00897822017074737,-0.00666906544696577,-0.00171932345839673,0.00669281014937267,0.0182826520992576,0.0317399200104879,0.0452440658130612,0.0572561405935376,0.0671078205720801,0.0750430514570197,0.0818992502794176,0.0889157758309741,0.0978057125922142,0.11060458659181,0.128786943035641,0.151968183619764,0.177270843955208,0.20014610290533,0.216345113065972,0.223901213056268,0.224000057838821,0.220264705873316,0.21684056801314,0.216335780216655,0.218745405819945,0.221877573610608,0.222929186835042,0.220239253828824,0.214180921737892,0.206722847904111,0.20007890517542,0.195403212493755,0.192303255578639,0.189330841177151,0.185043269121925,0.178916533134011,0.171467252049714,0.163507768851632,0.155207370427716,0.145833189604009,0.13437814922381,0.120430678532517,0.104533187825825,0.0878826540103993,0.071730955545926
-0.0596894404272251,0.0393715619852287,-0.118679528048524,0.0568664006670109,0.175545928715535,0.0713240061979089,0.305226831607161,0.987923380490825,3.72905392134913,0.8,0.8,SYNTHETIC_TEST,MATLAB_001,9,0.0568664006670109,0.0433967431777288,0.0309189268942972,0.0189894891829474,0.00762287210428515,-0.00251648860109391,-0.0104170283229175,-0.015397635603296,-0.0177317700799619,-0.0187417302120932,-0.0202495001368015,-0.0237656567952703,-0.0299079279834131,-0.0382257810123189,-0.0473621162153069,-0.0555234817931708,-0.0612025246175943,-0.0638144104422707,-0.0638025472546469,-0.0622015121029994,-0.0601774020734127,-0.0589543425343685,-0.0598593181295077,-0.0639053692395354,-0.0709090003403103,-0.0789541674023249,-0.0850246264198731,-0.0866460758284857,-0.0833809871645894,-0.0770667092903626,-0.0707071233692789,-0.0668692973109082,-0.06651958185836,-0.0686812756962108,-0.0708726355324321,-0.0702443990310894,-0.0651706063771466,-0.0565231011293775,-0.0476564832829929,-0.0428579155498102,-0.0451722598260223,-0.0549824480686413,-0.0700886051798339,-0.0869501378253315,-0.102132231942115,-0.113161939715987,-0.118679528048524,-0.118367650874045,-0.113099937481964,-0.105116867380921,-0.0975809005245123,-0.0932804546810382,-0.0931959391167865,-0.0960104526526791,-0.0989798781696354,-0.0995612073559433,-0.0967254435050644,-0.0911965642178844,-0.0846274398315802,-0.0784104425277345
-0.063182173091799,0.026021145822925,-0.126166147435927,-0.0202906296668936,0.105875517769033,0.0682480917391908,0.27946812156246,-0.377969838942301,2.75070942023031,0.8,0.8,SYNTHETIC_TEST,MATLAB_001,10,-0.0729706075625788,-0.0679115258533012,-0.0626910884614357,-0.0571992106753235,-0.0518753075717531,-0.0474408574780207,-0.0445155344703903,-0.0433535562656291,-0.0438544990881,-0.0458385181302366,-0.0493253886427546,-0.0544937377742703,-0.061303721721452,-0.0691495996619853,-0.0769041951777232,-0.083296853480977,-0.0872334940214064,-0.0878257672458263,-0.0843048072654489,-0.0761531334802387,-0.0635901995426203,-0.0482000620654234,-0.0331984426972666,-0.0228531772693544,-0.0210411484763778,-0.0295223515061609,-0.0467553764349875,-0.0679141664556081,-0.0863515853799959,-0.0960730897597866,-0.0940717666397601,-0.0813309651919641,-0.0621347085811033,-0.0422799064660887,-0.0271355323166776,-0.0202906296668936,-0.0230833530117623,-0.034822083971682,-0.0532941703966103,-0.0753095204667896,-0.0972035562699925,-0.115225408909104,-0.125830160867493,-0.126166147435927,-0.115047199229062,-0.094118255459499,-0.0682637317433447,-0.0444343692705972,-0.0291094690175753,-0.0256881310439857,-0.0332610168504119,-0.0473540641059309,-0.0620924106035585,-0.0726236561162438,-0.0767631423306634,-0.0753468610653874,-0.0713859472480063,-0.0685741773550336,-0.0697603083897269,-0.0757887318706293
-0.0316152381078345,0.0540966776320582,-0.099282616302115,0.0795054658647684,0.178788082166883,0.0622671633843081,0.232631978155687,0.981553664400575,2.61626465107902,0.8,0.8,SYNTHETIC_TEST,MATLAB_001,11,-0.0850520423971528,-0.0941055820941915,-0.099282616302115,-0.0985318960124059,-0.0924085890451773,-0.0836404086481202,-0.0755595821058975,-0.0703096324723377,-0.0677863692560214,-0.0658099649373396,-0.0613219395951872,-0.0518699002337603,-0.0366283037111408,-0.0166289100138929,0.00568127602845453,0.0272610240936773,0.0454132089674646,0.0586061568908834,0.0668956779944551,0.0716903768552103,0.0748532664604606,0.0775474406152633,0.0795054658647684,0.0791884597367378,0.074670029016706,0.0646089406890642,0.0487934395427654,0.0282001388622072,0.00478358589072418,-0.0188443665720254,-0.0398269624285952,-0.055565809324618,-0.0642542027359261,-0.0653659265414733,-0.0600085428250471,-0.0509309748618771,-0.0419151492645923,-0.0365378018302164,-0.0367513922656626,-0.0419941006269856,-0.0493780699515012,-0.055028681905391,-0.0560602612779902,-0.0522025571974326,-0.0460686250867032,-0.0417397118808566,-0.0424716219747398,-0.0490023281573196,-0.0594545360908269,-0.0706005400846259,-0.0794218963004847,-0.0840245208886341,-0.0837045224770279,-0.0786262233064581,-0.0697197965410784,-0.0589847379365105,-0.049757745577708,-0.0462579855293106,-0.0521894932970001,-0.0689879524155547
0.0466557619984022,0.353121453242275,-0.346686774929869,1.03979669058886,1.38648346551873,0.353260916116198,7.48759649131531,1.69591700118167,4.75219486409991,0.8,0.8,SYNTHETIC_TEST,MATLAB_001,12,-0.094666155132384,-0.123783299754768,-0.14828040789253,-0.158543797137397,-0.14437772850846,-0.0961581307673359,-0.00663476577080271,0.126573461955933,0.2984285031695,0.494959654202426,0.69385629283556,0.867727421038118,0.989682526950667,1.03979669058886,1.01021713812067,0.906830275056107,0.746811123041755,0.553285885684439,0.349516770348345,0.154825033302744,-0.0168397268842823,-0.156363694293244,-0.258468582632479,-0.321312568741294,-0.346686774929869,-0.340118368681333,-0.310236121329138,-0.267224233414009,-0.220735968446076,-0.17799743044095,-0.14281725796908,-0.115849682404142,-0.0959057214606333,-0.0815898427891532,-0.0723487856759689,-0.0683731905811523,-0.0695864835993408,-0.0746902918671907,-0.0812494769621127,-0.0869061052453285,-0.0907577945108546,-0.0937486897249857,-0.0977325508353237,-0.103844386423823,-0.111220153741689,-0.116892388864903,-0.117114688960694,-0.109576221195752,-0.0952292218354032,-0.0783629944182598,-0.0645189275530634,-0.0573612521673545,-0.0565122231495514,-0.0577967052716171,-0.0556878156609695,-0.0463413469615463,-0.0295011795759694,-0.00853190631462927,0.0111166901765768,0.0241932939092737
0.109846636964796,0.0959967708768802,-0.050249841708731,0.251888650633918,0.302138492342649,0.145354993049032,1.26768444025704,-0.0139390096424339,1.55247286235821,0.8,0.8,SYNTHETIC_TEST,MATLAB_001,13,0.0277460591715135,0.0222000315918011,0.0109969013272487,-0.000889086440434055,-0.00876030303660312,-0.00961292493792246,-0.00275064939306988,0.0105361546875288,0.0279385666802164,0.0470863222534956,0.0660210837373228,0.0833010000235127,0.0980923036127375,0.110295821059187,0.120487662513945,0.12959516617901,0.138482128570096,0.147688645700608,0.157502380459317,0.168316922090154,0.180868372748285,0.195849052514482,0.212954550054015,0.230179831763737,0.244210629727841,0.251888650633918,0.251855483957805,0.245391070488292,0.235991162006874,0.227836521278083,0.223829516405853,0.224230623293836,0.2267561431877,0.228138889540547,0.22613454815736,0.220617252826638,0.213082772287622,0.205051613619802,0.196634365374676,0.186335598580329,0.172204507640394,0.153447588429143,0.131352502729042,0.108939339132881,0.0895958324351608,0.0754623122135711,0.0663782804614232,0.0599685922866474,0.0529603517893468,0.0430679955338946,0.0302405398667912,0.0164039668660323,0.00395569693397347,-0.00578338315104119,-0.0130534822104135,-0.0190300775995772,-0.0249740391101663,-0.0318674532679385,-0.0403318456800621,-0.050249841708731
-0.0642172444934849,0.0290038046185862,-0.136216230067319,0.00238775942203615,0.138603989489355,0.0703637323340886,0.297063289678996,-0.0612843956867799,3.70495931460221,0.8,0.8,SYNTHETIC_TEST,MATLAB_001,14,-0.0601241676054635,-0.0669506273958303,-0.0672702080030081,-0.0590820625786143,-0.0433869981480885,-0.0242477702174147,-0.00730228721386347,0.00238775942203615,0.00214545995221074,-0.0074384767684143,-0.0227655124766737,-0.0386455056613193,-0.0505048292733872,-0.0564282054348106,-0.0578472212678649,-0.0583459991100847,-0.0612605272150799,-0.0675484761672239,-0.0752109887200357,-0.0805749977120288,-0.080636878840623,-0.0750436947515959,-0.0664980941353572,-0.0592962592544638,-0.0568008783471651,-0.0593138107162502,-0.0636921744045626,-0.0651243858702219,-0.0601406124876059,-0.0490128756674367,-0.0359989979389585,-0.0272763963487568,-0.0278058266934686,-0.0388354657133508,-0.0572683255322955,-0.0770889515984373,-0.0919792449394276,-0.097780018108575,-0.0938486238749191,-0.0830900980065623,-0.0708591172144338,-0.063075139757017,-0.0640911803636649,-0.0750643441351269,-0.0934726581054473,-0.113936083269432,-0.129984575551636,-0.136216230067319,-0.130276077824702,-0.113971725094026,-0.0928122444558142,-0.0737867305962023,-0.0622556421824912,-0.0596436832834931,-0.0633292517123024,-0.0686886171517548,-0.071804958909678,-0.0711678761679478,-0.0677460345399099,-0.0639192444017049
-0.0720762565296453,0.0227194189698953,-0.111997440584072,-0.020665707173711,0.0913317334103612,0.0755152692309181,0.342153353221083,0.399251157484756,2.63731681873369,0.8,0.8,SYNTHETIC_TEST,MATLAB_001,15,-0.0620799741876347,-0.0635149891939148,-0.0679448374964457,-0.0738303346783724,-0.0791748584491526,-0.0823423217299912,-0.0825967482947457,-0.0803706355867854,-0.077268824731964,-0.0755992778800504,-0.0772907827480549,-0.0825729405230409,-0.0892666993048249,-0.093389248790626,-0.0910076955863705,-0.0804154777158805,-0.0633465846616081,-0.0443923403583618,-0.0288985472073419,-0.020665707173711,-0.0208277656136355,-0.0282452995986434,-0.0406267998730189,-0.0553852003112563,-0.0699065102890331,-0.0816402479702679,-0.0885283161561811,-0.0897851380952049,-0.0865184599247969,-0.0816133526611596,-0.0786737006097224,-0.0803945476849857,-0.0872112248341482,-0.0970012237107721,-0.105954355319526,-0.110101773597139,-0.106883166660977,-0.0962679085119817,-0.0810029328163186,-0.065739394218467,-0.0553160471440874,-0.0530151719025089,-0.0595746748419154,-0.0731269286247364,-0.0897400060197634,-0.104328605810233,-0.111997440584072,-0.109765289993621,-0.0980518083161775,-0.0809094195790844,-0.0644287676138377,-0.0539182859924512,-0.0513932296031573,-0.0548243710798631,-0.0595718327562537,-0.0611151110490453,-0.0573806060257543,-0.0492678493208295,-0.0392599939652651,-0.0293138067999489
0.00401039386776502,0.183312067836371,-0.129748556157626,0.909448857444809,1.03919741360243,0.181822282013271,1.9835605341908,3.45427276294289,15.4489491978343,0.8,0.8,SYNTHETIC_TEST,MATLAB_001,16,-0.0195738770923832,-0.00867451521947199,0.00483441536189858,0.0211237305287346,0.0387094032595141,0.0551208806557228,0.067973836184317,0.0757178425697894,0.0777409853987842,0.0740672992978649,0.0651343205110474,0.0518576700184095,0.0357132688700396,0.0184958863028541,0.00184072970367984,-0.0130758550231239,-0.0255037844030806,-0.0350686610573606,-0.0419534056767301,-0.0470716582125373,-0.0518335983781621,-0.0574697695491596,-0.0642877932714777,-0.0713601564908954,-0.0769471416199266,-0.0795115155337934,-0.0787504001389964,-0.0760078388164628,-0.0737965324118663,-0.0746583880993962,-0.079887584613683,-0.0886603442836479,-0.0980149387748637,-0.103872351607976,-0.102765474408699,-0.0934609301513225,-0.0776964197187583,-0.0597460481567193,-0.044987752404422,-0.0379311665971644,-0.0404282553524914,-0.050899179819517,-0.0650238418953945,-0.0776035658097081,-0.0847605112617489,-0.085593630065228,-0.0826404040974453,-0.0808309243811964,-0.0851296651346146,-0.0976674291354185,-0.115481786189242,-0.129748556157626,-0.126883979075897,-0.0914969991399182,-0.0107237748222118,0.121178376267265,0.29948863850925,0.508113177278369,0.72154471795329,0.909448857444809
0.0381638753921468,0.325577672208483,-0.28991071336833,1.10138848540797,1.3912991987763,0.325100940757836,6.3414373008978,2.28564584744578,7.31746764289494,0.8,0.8,SYNTHETIC_TEST,MATLAB_001,17,1.04300244389114,1.10138848540797,1.07641977041534,0.973769053192889,0.810677111942585,0.611295295614565,0.401245276350306,0.202806245513432,0.0318055609791015,-0.103249846777219,-0.200063698437757,-0.260469417044884,-0.288590171907711,-0.28991071336833,-0.271055613049976,-0.239583512202502,-0.203302483827116,-0.169146127470744,-0.142049429832389,-0.124301137741963,-0.115573311237621,-0.113504628902607,-0.114591504010575,-0.115189625451703,-0.112474853031048,-0.10518673880739,-0.0939117792651628,-0.0806940370434138,-0.0680547358276013,-0.0579149167067852,-0.0510013001781293,-0.0469367829492822,-0.0447785186206023,-0.0436445688906285,-0.0431966801647147,-0.0438702613735091,-0.0467448049600967,-0.0529362618679252,-0.0626260846173542,-0.0742930521028701,-0.0848274517492042,-0.0906248371287808,-0.089025146358033,-0.0793413674305195,-0.0631392035906275,-0.0437919026298767,-0.0254390877605926,-0.0115727083241569,-0.00371937947814695,-0.000870849770091742,-7.75049304599711e-05,0.00202964911655678,0.00761416238658668,0.0167825342611196,0.0278558301372451,0.0384548279875715,0.0467579869909171,0.05234023614978,0.0562755743204574,0.0605885156913511
0.0947729108560986,0.102282046799111,-0.0553398200895571,0.238010201422802,0.29335002151236,0.138813405132922,1.1561496866758,-0.00214110716426113,1.56959535111689,0.8,0.8,SYNTHETIC_TEST,MATLAB_001,18,0.0674174339410942,0.0781910302303916,0.0929909414647853,0.110361102839311,0.127819513443981,0.142938135556354,0.154431504063227,0.162672975238131,0.169385605508056,0.176678256986476,0.185953178458231,0.197287216184374,0.209549942768276,0.221031054186862,0.230135341051503,0.235857876291229,0.238010201422802,0.237251503016123,0.234876538348858,0.232297002801263,0.230390394731304,0.229117329826053,0.227658420344051,0.224871629343319,0.219624925899045,0.210817960481627,0.197347710436105,0.178391924724077,0.154082508465574,0.12618113435698,0.0981299839205983,0.0741324329849377,0.0575954977595266,0.0497747829070897,0.0493776200708512,0.0533023132002776,0.0580471191939965,0.060994282155396,0.0609255931026233,0.0576729823167373,0.0513950336020497,0.0421221224757912,0.0298168862845789,0.0147160302338792,-0.00237605899756914,-0.0199779649763783,-0.0360357671720392,-0.0482993859114013,-0.0549590075626212,-0.0553398200895571,-0.0503334858431609,-0.0422596785494731,-0.0340396296999654,-0.0280145434787859,-0.0251654826302684,-0.025304031391057,-0.0279758282750553,-0.0331430772533423,-0.0409716591197774,-0.0510529003014297
-0.0842850258331707,0.0180036506163096,-0.123330220000639,-0.0465985559789642,0.0767316640216745,0.0861550626755067,0.44536168947723,0.125469276112169,2.58055183771536,0.8,0.8,SYNTHETIC_TEST,MATLAB_001,19,-0.0620225264252304,-0.0720710646610238,-0.0798985587571792,-0.0853172035405354,-0.0891085267147326,-0.0923405534957842,-0.0956778938012356,-0.0990986565053394,-0.102035435184236,-0.1036993347953,-0.103378716286439,-0.100632519503719,-0.0954043429114585,-0.0881213746216612,-0.0797201501623529,-0.0714120519145645,-0.0641646419840552,-0.0582496926615201,-0.0533378992137723,-0.0492185757183761,-0.0465985559789642,-0.047245039461047,-0.0531975845633187,-0.0654290664318164,-0.0827094896116657,-0.101395504705146,-0.116447326924572,-0.123330220000639,-0.119973398545218,-0.107876575076247,-0.0917279628818817,-0.0775003082639474,-0.0698273327552179,-0.0700200403712391,-0.0757985152571545,-0.0827936616400497,-0.086870253062648,-0.0860234253944245,-0.0810375684034018,-0.0747859105406476,-0.0706064694021171,-0.0705589130983513,-0.0744579488218177,-0.0801885626467238,-0.0850645907775363,-0.0873985275919987,-0.0873701060490826,-0.0867207300893974,-0.0875300638323895,-0.0909036991829411,-0.0963863126414873,-0.102335051675295,-0.106826960113854,-0.108438157818673,-0.106522561394972,-0.101089483371256,-0.092635597198423,-0.0821905662943662,-0.0714902090160868,-0.0628895802457112
-0.0444988073321989,0.0442099111011447,-0.114802885962052,0.0526619507099051,0.167464836671957,0.0624666696959247,0.234125089373985,0.668138738811711,2.53690515122749,0.8,0.8,SYNTHETIC_TEST,MATLAB_001,20,-0.0587092074555437,-0.0601902461108288,-0.0666878569029337,-0.0757053554476284,-0.0838808071796007,-0.0884564423098202,-0.0884372233149046,-0.0848057238285846,-0.0797642481265361,-0.0755324177976383,-0.073302724740435,-0.072730573664088,-0.0721567925054583,-0.0695175662488042,-0.0634551973805393,-0.0539408112587709,-0.0421691093531931,-0.0301288079785816,-0.020309814099234,-0.0154960513996238,-0.0182314594483335,-0.0297973744968196,-0.0491519754115113,-0.0726075746729019,-0.0946861108836649,-0.109909838257304,-0.114802885962052,-0.10925914839731,-0.0966250842942116,-0.0823831063425465,-0.0719863894172702,-0.0687457563182843,-0.0725963714519819,-0.0802593864827936,-0.0867921950838207,-0.0878525768438177,-0.0815812151651595,-0.0692023783509641,-0.0541539400470683,-0.0403373601726828,-0.0304946437111726,-0.0255249249937407,-0.0248150217396436,-0.0269312297148131,-0.0299993048941896,-0.0317946498441783,-0.0301339114789183,-0.0238381563287862,-0.0136211315042033,-0.0019081977680221,0.00856027828900057,0.0163047261082287,0.0216565802834395,0.0260546159835395,0.0308587050111004,0.0365641436570209,0.0427073531727117,0.0482194566704949,0.0518840267635396,0.0526619507099051
0.0872130371450169,0.366346749859373,-0.305498999787228,1.14199188664299,1.44749088643022,0.373603028130629,8.37475335770253,1.85684767164246,5.10944848181073,0.8,0.8,SYNTHETIC_TEST,MATLAB_001,21,0.0497381812592328,0.0423329239628012,0.0296160902636129,0.011109759124905,-0.0125029904489796,-0.038847205488673,-0.0642827954063932,-0.0851883027115491,-0.0992223995602844,-0.105735908261608,-0.105281367835858,-0.0988547033687574,-0.0875440234801143,-0.0727652136980591,-0.0567271250745618,-0.0425906358560176,-0.0339942801447455,-0.0339784433434551,-0.0436840444606607,-0.0614738363562433,-0.0831063643339784,-0.103050013005372,-0.116277619616546,-0.119686000503884,-0.112807023231722,-0.0979380148704536,-0.0796655470852509,-0.063561719848442,-0.0542832733945353,-0.0539558413707633,-0.0616730928337946,-0.074219795109014,-0.0875544980468881,-0.0984945474990076,-0.106052209978903,-0.111807638003673,-0.118897180663357,-0.129752722130341,-0.143333595032581,-0.153021224019248,-0.146471877286376,-0.108201700158945,-0.0244213338360079,0.111610597646296,0.295743220519595,0.511911514375769,0.734248305149382,0.931858492622649,1.07513670448619,1.14199188664299,1.1223519419819,1.01994098958915,0.851027773056696,0.640406985023729,0.415628927895932,0.201287669579,0.0151949114827771,-0.132723201068298,-0.239226337751034,-0.305498999787228
-0.0330993207503518,0.115873628225392,-0.335217197785804,0.187292591941807,0.522509789727611,0.119576270459272,0.857909067416943,-0.407698617412631,3.62817986088489,0.8,0.8,SYNTHETIC_TEST,MATLAB_001,22,-0.335217197785804,-0.333720135653224,-0.307982101837732,-0.266406976383916,-0.217850295189577,-0.170200998930681,-0.129253834271526,-0.0982591921832273,-0.0781003750783022,-0.0678636236161411,-0.0655103100444391,-0.0684319135036062,-0.073850999546989,-0.0791265009382488,-0.0820269230471116,-0.0810678071494762,-0.0759325274461827,-0.0677326774950593,-0.0587552877220708,-0.0516528634247426,-0.0484801441499721,-0.0501127950889792,-0.0562568753581484,-0.065751264114169,-0.0767211162356994,-0.0865782013167214,-0.0923304166700093,-0.0914946435174229,-0.0832456893688536,-0.0690365562116005,-0.0522451811853411,-0.0370693412804585,-0.027200892472692,-0.0246655762504054,-0.0290920823877615,-0.0377099735240775,-0.0462274323023282,-0.050330212932803,-0.0472138191143356,-0.03651306165476,-0.0201961962963959,-0.00147340352576482,0.016633626528116,0.0322504425061335,0.0448047926288858,0.0546426491597433,0.062583462706225,0.0697098512227984,0.0772902732006052,0.086474410084934,0.0976691329379224,0.110059928907247,0.121857482504563,0.131320731050894,0.137957569817248,0.14306947309908,0.149160828776236,0.158487094424072,0.171663829689138,0.187292591941807
0.0490980097466276,0.122222890558009,-0.111225303630168,0.241736068531557,0.352961372161725,0.130767257450641,1.02600453726974,0.24927251664454,1.48771199685392,0.8,0.8,SYNTHETIC_TEST,MATLAB_001,23,0.202875214470811,0.216318329289941,0.226849790772232,0.234690621892694,0.239934775226811,0.241736068531557,0.238560711638523,0.229375403454424,0.214936129091828,0.198224316082255,0.183563113984222,0.174765726529013,0.173344447775611,0.177841805392208,0.184599025765545,0.189328995370141,0.188549696331746,0.180403434462361,0.164981425664136,0.144367385085245,0.12226149101003,0.102883244061533,0.0893258662641699,0.0822152989881234,0.0795451500744763,0.0777612698129244,0.0733453133367807,0.0640246302600364,0.049229917078014,0.0299676238536172,0.00845746336559885,-0.0123133536186731,-0.0292150802005071,-0.0398114114754976,-0.0431245759964402,-0.0399288995366361,-0.0324756536110433,-0.0239327667229284,-0.0178028694572995,-0.0172297787349307,-0.0240069815501811,-0.037566774211726,-0.0547223274217958,-0.0707153966120597,-0.0812506737826779,-0.0844370073399599,-0.081512185008141,-0.0759547152898728,-0.0716153151088742,-0.0710675505591426,-0.0750204465593355,-0.0826992350539424,-0.092461000499876,-0.102121902320463,-0.10915835347392,-0.111225303630168,-0.107013233047844,-0.0969602082857144,-0.0833492842585467,-0.0696908167507534
-0.0696815292501707,0.0219792999443565,-0.1312451742723,-0.0339644983116308,0.097280675960669,0.0730106406691448,0.319833219055139,-0.743131784611465,3.45759826720119,0.8,0.8,SYNTHETIC_TEST,MATLAB_001,24,-0.0595752647586543,-0.0553230632505276,-0.0568934257178604,-0.0616309749840236,-0.0653268164006872,-0.0644937249786015,-0.0587945500324674,-0.0519586793127432,-0.0501202593770184,-0.0582235485420588,-0.0766786756991269,-0.100451803550934,-0.121204477989144,-0.1312451742723,-0.12714776785481,-0.11119032893888,-0.0899537982348947,-0.0709808024345943,-0.0594418876215288,-0.0565021016047505,-0.0598291243603692,-0.065509118054737,-0.0701700901811138,-0.0723169942360185,-0.0724747987377339,-0.0723290329035157,-0.073391556196669,-0.0758587337803709,-0.0783022497728334,-0.0784556305575755,-0.0746472091175805,-0.0668988416835502,-0.0569294670661649,-0.0471642539186918,-0.0395689673824911,-0.0351018808920951,-0.0339644983116308,-0.0362106875836625,-0.0420532614363043,-0.0515113937282977,-0.0636924900242405,-0.0764655834948229,-0.0870615980610779,-0.0933711065905094,-0.0950795920297091,-0.0937820838105118,-0.091859798947336,-0.0908106706643727,-0.0902377108992199,-0.0882689336828147,-0.083065191027044,-0.0742373085111083,-0.0631796941715675,-0.0523214592493957,-0.0441144753283396,-0.0404321685455346,-0.0422867063362916,-0.0494627622493162,-0.0601536967881824,-0.0711838091418352
-0.0343351680892779,0.0501484336593573,-0.113533973136518,0.0471317410102844,0.160665714146802,0.060430577879893,0.219111284573869,0.218489920471288,1.68871006122277,0.8,0.8,SYNTHETIC_TEST,MATLAB_001,25,-0.079159436094409,-0.082077986047099,-0.0803497469006804,-0.0764958325179251,-0.0737503650902731,-0.0745086324242456,-0.0794683599262865,-0.0876908400859506,-0.0972509552627369,-0.105969494297714,-0.111896058668742,-0.113533973136518,-0.110037596109212,-0.101550998789439,-0.0895021852470508,-0.0764260853256335,-0.0651595683761689,-0.0578041108725913,-0.055024687583663,-0.0558764429408413,-0.0580237877624439,-0.0583655758193614,-0.0542515264370674,-0.0450694801993019,-0.0332886394495211,-0.02395771288377,-0.0224966790177727,-0.0317508444662977,-0.0498935829452691,-0.0704963252467604,-0.0849730108795743,-0.0862330775180299,-0.0717111026815289,-0.0443950399578415,-0.0115280326316366,0.0183428570211668,0.0386644983542998,0.0471317410102844,0.0460009100944205,0.0404255517043338,0.0356941970945186,0.0347958394383268,0.0374952606983618,0.0411569241261695,0.0425768014782535,0.039702260551558,0.0324570803787728,0.0225647297886099,0.0127457535162717,0.00570431558923349,0.00314045190634269,0.00497737915624184,0.00910413535730677,0.0119461359971254,0.00985897604283125,0.000764420074485019,-0.0148986484449118,-0.0344772003018678,-0.0543951645659492,-0.071621517829501
0.0570095652254575,0.381506862628415,-0.330052880176425,1.14896731101706,1.47902019119348,0.382585657497197,8.78230711935376,1.78567247433795,4.97531915352,0.8,0.8,SYNTHETIC_TEST,MATLAB_001,26,-0.0846223707074198,-0.0935282354321846,-0.0995406804418501,-0.103817342369514,-0.106403470913087,-0.105969533771434,-0.100721093888221,-0.0899583161585111,-0.0751220910575742,-0.0594758441738051,-0.0466716491603725,-0.0392919114058909,-0.0382317521058764,-0.0428872246675598,-0.0516003325585086,-0.0620683575392303,-0.0718302825638137,-0.0788655921522997,-0.0820199880547313,-0.0810464627372642,-0.0764984428237227,-0.0698826031976059,-0.0640545731775901,-0.0632274025094929,-0.0718034996916849,-0.0918612219080733,-0.120239863910672,-0.146923952440381,-0.156076032752425,-0.129745720930954,-0.0529881153423478,0.0812606442896591,0.2687677025759,0.492783005789444,0.725594974356318,0.933180778700315,1.08240528240706,1.14896731101706,1.12345894751092,1.01324451987541,0.839439686320194,0.630292332902487,0.413635695252954,0.211171485956089,0.0362369453756394,-0.105069628382288,-0.211119510781988,-0.282432659657646,-0.320876554518186,-0.330052880176425,-0.315790058344392,-0.285788658167449,-0.248237261161393,-0.21007795290162,-0.175822175835164,-0.147302296570367,-0.124192485760835,-0.10498929356195,-0.0881448569131558,-0.072995165525039
0.0492309305819998,0.120267364345225,-0.0953509698819571,0.231849180700363,0.32720015058232,0.129022683291509,0.998811168224456,0.393998544279215,1.58151704979584,0.8,0.8,SYNTHETIC_TEST,MATLAB_001,27,-0.0601937255685751,-0.0515274883985729,-0.0490872246962061,-0.0539651153794413,-0.0650756961101705,-0.078891811958098,-0.0904647509001783,-0.0953509698819571,-0.0915547766874456,-0.0805675957663547,-0.0669607731707644,-0.056579908218185,-0.0540169763555158,-0.0604778230169377,-0.0731272691927712,-0.0863634221132683,-0.0944765207247745,-0.0942902632881056,-0.0862797079679837,-0.0735953851118296,-0.0598288722138431,-0.0471131317890057,-0.0356668940892099,-0.0246693490095955,-0.0134820138170613,-0.00235162425861911,0.00759014939091768,0.0148182206087385,0.0182211349486563,0.0179771132776762,0.0159451212706407,0.0150664788042583,0.0179785095417925,0.0257447808426539,0.0375191745661576,0.0512262439589125,0.0647273940698438,0.0768343082243284,0.0877481784641472,0.0988074629103391,0.111708903785906,0.127560844803257,0.14619614166084,0.16606587941201,0.184748061149669,0.199810074782355,0.209674073831864,0.214219957819031,0.214914360437909,0.214274945601917,0.214734453379011,0.21746879088963,0.221973449223068,0.226689353704326,0.230152412989594,0.231781596409512,0.231849180700363,0.230880902076344,0.229039780696127,0.225867490372664
-0.0134763278709907,0.0858273216252461,-0.0903954942850854,0.220447645909558,0.310843140194644,0.0861694168366044,0.445510103877629,1.38244591556332,3.82068770228921,0.8,0.8,SYNTHETIC_TEST,MATLAB_001,28,0.220447645909558,0.211852227794975,0.199629702402118,0.184061193138278,0.166005228454266,0.146406779758875,0.12582722408412,0.104432503058806,0.082612919286128,0.0618344359729282,0.044836900569936,0.0345412008709249,0.0321047083932198,0.0355695606674334,0.0403737405275935,0.0416068764462688,0.0365052734464921,0.0255008062596748,0.011241151957899,-0.00351604419458432,-0.0174899882638249,-0.0308958519346826,-0.0442480071992928,-0.0572187069748651,-0.068518271939806,-0.0766985741156994,-0.0810169218930001,-0.0816449102008196,-0.0792695675621834,-0.0746860897093843,-0.0687906775375149,-0.0627633954402395,-0.0579750214618317,-0.0555356695719017,-0.0558812839077657,-0.0587641895378734,-0.0635544990374764,-0.0694633908124858,-0.0755106274514343,-0.0804755994751251,-0.0831768045768298,-0.0830790500653038,-0.0807480822846751,-0.0775773979849635,-0.0747764392182198,-0.072384384392186,-0.0692070314913077,-0.0638523689291399,-0.0561445985187956,-0.0478788895906904,-0.0423171955411629,-0.0426475837820464,-0.0502461314500163,-0.063618043781944,-0.0784885812611359,-0.0890917413890132,-0.0903954942850854,-0.0805319520284548,-0.0621649752928136,-0.0417257171733591
-0.0759942930455729,0.0368237410097937,-0.153565472531383,-0.0165903899855668,0.136975082545816,0.0843120434996498,0.42651124074521,-0.218908278541236,2.09541787919474,0.8,0.8,SYNTHETIC_TEST,MATLAB_001,29,-0.0266859605134121,-0.0222902861490353,-0.0293606510038301,-0.044105647411249,-0.0599736279162377,-0.0706960742929575,-0.073025837908133,-0.0678235406164912,-0.0591377796990809,-0.052049426853961,-0.0505402018275408,-0.0562871736534639,-0.0684729115029032,-0.0841683508551454,-0.0990097869426923,-0.108307052031155,-0.108622537965999,-0.099252132837109,-0.0826899085964455,-0.0636013583909758,-0.0467913322157622,-0.0353679818678968,-0.0301703658416388,-0.0306152453128447,-0.0361246751419144,-0.0469272623212623,-0.0635095981062296,-0.0850604004611188,-0.108221094036237,-0.127494608224283,-0.137507000416518,-0.135811685114736,-0.124371175538312,-0.108718240532363,-0.0953275215105525,-0.0887360881975394,-0.0898741059578868,-0.0962228679973616,-0.103442776341054,-0.107461388211921,-0.105937662870068,-0.098544762869517,-0.0862968416151608,-0.070678996296886,-0.0533056780146107,-0.0362742121709359,-0.0226957652287275,-0.0165903899855668,-0.021701052941395,-0.0396262814136794,-0.0683409507829742,-0.102050967611352,-0.132557226496526,-0.151620554423736,-0.153565472531383,-0.137310587567121,-0.107056594816371,-0.0711932314206502,-0.0396689466931532,-0.0207857466693121
-0.0419563696160336,0.048002177609039,-0.117152195423377,0.0499295475868568,0.167081743010234,0.0634518914005993,0.241568551338807,0.609993584907156,2.2229662756835,0.8,0.8,SYNTHETIC_TEST,MATLAB_001,30,-0.0186691661481024,-0.0323245684585486,-0.0564430931604689,-0.0833954898657723,-0.105538061241685,-0.117152195423377,-0.115759338347668,-0.102756579700723,-0.0831632376355303,-0.0641409832382943,-0.0523684418546194,-0.0512502607565534,-0.0594947605203458,-0.0720109311061414,-0.0826261429993116,-0.08702070308761,-0.0843332975623946,-0.0768255287507115,-0.0680571490674311,-0.0607040311353462,-0.0552191344907632,-0.0499778965631122,-0.0426366676003134,-0.0317214775275727,-0.0174681412196782,-0.00161413826571804,0.0134555200602042,0.0256510755748802,0.033901525052385,0.0385093294879214,0.0409547374011432,0.0430671962742123,0.0458765597667413,0.0488284194672211,0.0499295475868568,0.0467902510982747,0.0379784385742578,0.023982187360187,0.00728160736749579,-0.00862216334040563,-0.0208478956460481,-0.0285494451090515,-0.0332190307191716,-0.0377005869504325,-0.0445630436900683,-0.0547753102020128,-0.0673053959569786,-0.0796747359507766,-0.0890167296882569,-0.093098525289523,-0.0910301527215518,-0.083610645547949,-0.0732317882692779,-0.0632517647632367,-0.0569852744572285,-0.0566815190352099,-0.0628078653669566,-0.0737766936369945,-0.0862168758943194,-0.0959517140705515
0.0642526691012795,0.372562840503904,-0.293708730817182,1.10314027736689,1.39684900818407,0.374990788032058,8.43708546653422,1.76129372895453,4.78499274277412,0.8,0.8,SYNTHETIC_TEST,MATLAB_001,31,-0.09965008849195,-0.0964963957645784,-0.0887140412884617,-0.0802303295063039,-0.0741591911291502,-0.0709035479137198,-0.0683848888418174,-0.0643133233363516,-0.0588246717753201,-0.0554845407470073,-0.0597568511514449,-0.0757392436066098,-0.103140057417257,-0.13625445169735,-0.165203957075224,-0.178234158267977,-0.163760485305042,-0.111934309795711,-0.0163219474629206,0.124014886119903,0.302639882002127,0.505138233045525,0.710460511908503,0.893985379666756,1.03147132033981,1.10314027736689,1.09741586137709,1.01371358737815,0.863290092698664,0.667252597759779,0.451817201550156,0.242303262821999,0.0581578378066964,-0.0892151211401209,-0.195694545741902,-0.262212868350769,-0.292813819277125,-0.293708730817182,-0.272813289123843,-0.238926266322117,-0.200328962962856,-0.163346466153682,-0.13162090675578,-0.106428152810797,-0.0877208383796351,-0.0751750957856614,-0.068631660738268,-0.0678450968434756,-0.0719143768491674,-0.0788441673208474,-0.0855831969653301,-0.0887948133263088,-0.086273871984392,-0.0782903271450156,-0.0678573839178453,-0.059502276313082,-0.0571482299308095,-0.0622795265705586,-0.0732512924651011,-0.0859130211994154
0.0901694154135505,0.112569336252264,-0.0975440758362554,0.247928186633678,0.345472262469933,0.143496276429828,1.23547088095353,-0.182351246663494,1.62836878561804,0.8,0.8,SYNTHETIC_TEST,MATLAB_001,32,-0.0952581659449564,-0.0975440758362554,-0.0920070889540088,-0.0812237423002167,-0.0697603150223068,-0.0617803788806248,-0.0589824486728617,-0.0600555549843062,-0.0618599660981643,-0.0614174477493717,-0.0573381179812052,-0.0498918405014852,-0.0400711091643094,-0.0286958537031386,-0.0163059220578959,-0.00367101254495293,0.00785941505409724,0.0167480583174985,0.0222724545688863,0.0253868550376441,0.0286535823200326,0.0351053894583339,0.0467227309026947,0.0634702111965381,0.0834250028150161,0.103903839944003,0.122961060015116,0.140338187044939,0.157208342191111,0.17489991310862,0.193552388124041,0.211663003519951,0.226720070469276,0.236272504175159,0.238671267165334,0.233383619831179,0.221298776591204,0.2051345987797,0.189428300094856,0.179530567813374,0.179653259880134,0.19080610512104,0.209802206545625,0.230125581216449,0.244493049445804,0.247928186633678,0.239734678277431,0.223304935794743,0.203948394738695,0.186023779833804,0.17095533661823,0.157155516184602,0.141777010540801,0.123116944595051,0.102118732620094,0.0820989941952394,0.0670219987959346,0.0594236835169568,0.0590637315181685,0.0628657005980057
-0.051025089463146,0.036839670748377,-0.1143701194101,0.0661025137372665,0.180472633147366,0.0627542965850949,0.236286104393403,1.45953917709735,5.90266356813315,0.8,0.8,SYNTHETIC_TEST,MATLAB_001,33,0.0661025137372665,0.0642591009625183,0.0547041358026931,0.0374736038460132,0.0150455842582745,-0.00855388975031943,-0.0289746424273258,-0.042899044891198,-0.0491853676138723,-0.0492209592372647,-0.0461483397580249,-0.0433160388587153,-0.042803874146192,-0.044771439674123,-0.0478658009545669,-0.0503566187602133,-0.0513090150522429,-0.0511606738552158,-0.051492227864049,-0.0541885134812918,-0.0603403536042368,-0.0693255852216546,-0.078636808285278,-0.08483173915797,-0.0852729584711222,-0.0795955606150098,-0.0698357030792609,-0.0590867372435026,-0.0497307715295253,-0.0425948069190452,-0.0374650003350648,-0.0341947945866199,-0.0333207957271492,-0.035807023180828,-0.0423909829560093,-0.0531468284599895,-0.0673820955662868,-0.0835707536557584,-0.0991697247827935,-0.110660326002793,-0.1143701194101,-0.108125235192923,-0.0928606279477236,-0.072920978280052,-0.0545297348285459,-0.043207162229235,-0.0415848538450556,-0.0486555834407214,-0.0605979186716195,-0.0726054294372307,-0.0808235176208154,-0.0835261208253045,-0.0810854801486133,-0.0750150976082557,-0.0669639767398864,-0.0584420191410905,-0.0512118710954214,-0.0474944665155985,-0.0492974962000348,-0.0571668215127834
-0.0709044709392275,0.0229875732793545,-0.122421966453082,-0.0413792339977901,0.0810427324552915,0.0744786236604675,0.332823922941453,-0.513693330942578,2.22322159519101,0.8,0.8,SYNTHETIC_TEST,MATLAB_001,34,-0.0694156456314439,-0.0825854644644828,-0.0928694646125782,-0.0975642041516954,-0.0958373940573942,-0.0886975365209202,-0.0783907262695709,-0.0675113168807257,-0.0581421376622113,-0.0513486872440757,-0.0471887001704619,-0.0451009607290191,-0.0443646840121535,-0.044385767347368,-0.0447383471736329,-0.0450654402414077,-0.0450503352957878,-0.0445815554642364,-0.0439790762006614,-0.0439936279893754,-0.0454064411375947,-0.0483608720220478,-0.0518741251019063,-0.054059082546235,-0.0531989744065992,-0.0491320844876167,-0.0439689823603178,-0.0413792339977901,-0.0445468137223226,-0.0539659516601393,-0.066675096137218,-0.0776785872502127,-0.0827019809158557,-0.0804731835997358,-0.0732093901804969,-0.0652851248767549,-0.061043825268966,-0.0629538330187156,-0.0709418968825128,-0.0829983325009855,-0.0964097566648234,-0.108725457346605,-0.117978246719213,-0.122421966453082,-0.120512229897697,-0.1115886897936,-0.0968840715020198,-0.0799301952830343,-0.0657530598259218,-0.0590493682303122,-0.0621196117656112,-0.0735506949436985,-0.0884917364638161,-0.100648865247115,-0.105087185312454,-0.100401816429922,-0.0892253889112754,-0.0769194384015659,-0.0690630606290728,-0.0688425323395831
-0.0340695878586501,0.0471323797752805,-0.0918820721824551,0.0738761956960982,0.165758267878553,0.0578374764872932,0.200710421185092,1.12626207409928,3.10267982977982,0.8,0.8,SYNTHETIC_TEST,MATLAB_001,35,-0.0755706643424221,-0.0850949926805584,-0.0918820721824551,-0.0916663014666169,-0.0832970506503933,-0.0689660677519926,-0.0529583829042157,-0.0397267937931762,-0.0321184670833046,-0.0303171838510578,-0.0318303686698309,-0.0325695187993506,-0.0286468883806443,-0.0181055774258211,-0.00172603269401698,0.0175148368931798,0.0360040704313557,0.0511372261473268,0.0620738978425945,0.0692613749822684,0.0732641468467062,0.0738761956960982,0.0701574452104928,0.061234903889107,0.0471235063677139,0.0289582176333459,0.00867160854669677,-0.0114572476142152,-0.0291377428324372,-0.0423715584631796,-0.0498804972990141,-0.0516404932022573,-0.0492416736032511,-0.0456439737023407,-0.0441261831376025,-0.0468190958443137,-0.0536880774236606,-0.0626792819729628,-0.0709803499159633,-0.0765457885566512,-0.0788697764429716,-0.0786152152330247,-0.0766006048609696,-0.0730789589959974,-0.0678973848926908,-0.0612975946901619,-0.0545142670297815,-0.0495077446823286,-0.0479506115663317,-0.0502004631031925,-0.0549355381712947,-0.059656492505319,-0.0618420005689191,-0.0602865406319745,-0.0559599622396554,-0.0517818630581649,-0.0512591646583414,-0.0567642081477125,-0.0685741654188471,-0.0851718188645046
0.0567904243164614,0.368660973120301,-0.281625936232316,1.10533798757944,1.38696392381176,0.369960651300943,8.21225301066107,1.80805055978853,4.9883811973837,0.8,0.8,SYNTHETIC_TEST,MATLAB_001,36,-0.104232942936458,-0.123235547954476,-0.13908491184742,-0.146938660639222,-0.138980197510326,-0.104268477763175,-0.0307906285597868,0.0901344716592191,0.258648608266349,0.46293990592595,0.679643043271448,0.878274421552087,1.02813908847354,1.10533798757944,1.09778567867903,1.00710668219422,0.84742208461081,0.641880726907692,0.418026029178251,0.202879503546636,0.0184218030488743,-0.121797972147159,-0.214117435883811,-0.263762191309665,-0.281625936232316,-0.279940715049349,-0.268417365303569,-0.252169852343734,-0.23191078309272,-0.206007880549096,-0.17336996510399,-0.135824438883515,-0.0987028992452048,-0.0690717391215103,-0.0524450564163534,-0.0499876495587981,-0.0580412081365459,-0.0702922427474061,-0.0811733048736054,-0.0883343124154283,-0.0927227064845078,-0.0964949450597169,-0.100433874199525,-0.102727520133795,-0.0998874931578659,-0.0891514729934133,-0.0708281741644755,-0.0490974846299396,-0.0306952675906878,-0.0221616535796808,-0.0270785147780753,-0.0445332838336778,-0.0693372865034651,-0.0938727027330705,-0.110874642215099,-0.115969590145353,-0.108853679851125,-0.0927846392184387,-0.0729146224362848,-0.0542707065730272
0.101159772444635,0.0921918230364476,-0.0400656893879694,0.245745605689174,0.285811295077143,0.136348730315275,1.11545857551525,0.100727859997567,1.62551394933723,0.8,0.8,SYNTHETIC_TEST,MATLAB_001,37,-0.0400656893879694,-0.0308903206434142,-0.0251017839998991,-0.0201524463762364,-0.0140190957263987,-0.00590787875154278,0.00394494814092483,0.0149327804636529,0.0266613357750064,0.0391903205707156,0.0529066263444377,0.0681365274922208,0.0847425448256688,0.101979208125933,0.118715177956202,0.133934425688532,0.147282435675489,0.159285871762623,0.170953221676472,0.182924815215259,0.194814495094857,0.20533265453868,0.213174809858077,0.218023979640884,0.220884093782802,0.223455584411959,0.227046542378905,0.231911340749817,0.237417467098845,0.242512920596734,0.245745605689174,0.244909088139162,0.237204750434763,0.220535519722201,0.195397700818749,0.16593714271711,0.138956876275824,0.121015512969309,0.115254331412804,0.119896751884412,0.129197557483345,0.136099206352203,0.135126061077297,0.124268563355951,0.105290194037262,0.0825779514086424,0.0611602941969384,0.044752807902971,0.0345801070520578,0.029327298042967,0.0261285578916,0.0221386021836867,0.0159458668787924,0.00805068802512637,0.000147461935744917,-0.00621719507079832,-0.0106648943427824,-0.0141450779197665,-0.018339243232542,-0.0247186536233571
-0.0661675342364673,0.0181798724017699,-0.114165144959941,-0.0336555620750925,0.0805095828848486,0.0685794567257788,0.282188513088178,-0.792029009982759,3.21738926218377,0.8,0.8,SYNTHETIC_TEST,MATLAB_001,38,-0.0336555620750925,-0.0439749309432188,-0.0533032972951402,-0.0592152923746558,-0.060539267849684,-0.0579134447760968,-0.0532569041965726,-0.0487283073024619,-0.0460127173837739,-0.0461834631672195,-0.0497192354528583,-0.0562966464505252,-0.0645497761323656,-0.0722699469054754,-0.0771739030112352,-0.0778687563612408,-0.0744665679672875,-0.0684681426781873,-0.0619424396953897,-0.056533276214668,-0.0529905515464827,-0.0514255826858885,-0.0518110645693162,-0.0542034945777413,-0.0587110652760959,-0.0654918739362828,-0.0747135421528768,-0.0861425752725228,-0.0984451541905393,-0.108899060001044,-0.114165144959941,-0.111921468001959,-0.102312137637342,-0.0881500099597093,-0.073670462517218,-0.0626036014939074,-0.0566558006949783,-0.0550856499905422,-0.0554228737441409,-0.0549233729284936,-0.0520775443903104,-0.0473883919388777,-0.0429597134192738,-0.0411849422813175,-0.0434160911049417,-0.0493675649421381,-0.0573892789151024,-0.0652746342331462,-0.0711732116430266,-0.0742345677909606,-0.0747380889993917,-0.0737388786029834,-0.0725224584694549,-0.0721603768426923,-0.073264932001954,-0.075916529543236,-0.0797337597881781,-0.0840566711344297,-0.0881740855033848,-0.091463968273067
-0.0821967430907963,0.0346852723386039,-0.134128844018108,0.00780799416837518,0.141936838186483,0.0891028706420325,0.476359293399046,0.683882645435019,2.81229565026416,0.8,0.8,SYNTHETIC_TEST,MATLAB_001,39,-0.0933199296929929,-0.0929580332254882,-0.0894800943547271,-0.0824443332149341,-0.072638716066885,-0.0623781529186888,-0.0548880350628466,-0.0529937555730377,-0.0578865142280377,-0.0687347462811027,-0.0833013033539138,-0.098988901506168,-0.113543952543061,-0.125163499747941,-0.132373063292332,-0.134128844018108,-0.130215255688729,-0.121662278944086,-0.110827289012551,-0.100893329905664,-0.094780846428022,-0.0938497046980958,-0.0971027097685268,-0.101513381676761,-0.103458018172513,-0.10051562234105,-0.0927008586187941,-0.0825412344925761,-0.0739786523364369,-0.0706174645371271,-0.0741161265073091,-0.0834093344015421,-0.0950984564195567,-0.104864505715745,-0.109248321496777,-0.106984815798658,-0.0994226688875648,-0.0900101885151805,-0.0830755608825524,-0.0822704437294429,-0.0891528168851063,-0.102383378467857,-0.117887799842763,-0.130094800556341,-0.133919662746883,-0.126653940818216,-0.108843911259588,-0.0838651606559792,-0.0566926893022618,-0.0325666898305245,-0.0158704784695935,-0.00919013086439284,-0.0125636977918032,-0.0231836862295243,-0.0359411860356237,-0.0449291327551092,-0.0454348418861919,-0.0355304674120893,-0.0165291637507776,0.00780799416837518
0.00400081971922805,0.1738531451955,-0.141055940525493,0.873053077750245,1.01410901827574,0.172444698530342,1.78423044307324,3.35954294098843,15.3646245051297,0.8,0.8,SYNTHETIC_TEST,MATLAB_001,40,0.0328335725138253,0.0545838973174395,0.0706709485386127,0.0802685710793563,0.0836119806851062,0.0816574755398822,0.0760700908444404,0.0691103446199519,0.0630221501774801,0.0590950714875106,0.0569783273709589,0.0546825806059914,0.0492681925905022,0.0379109246459412,0.0190059545801844,-0.00696799243176426,-0.0371170108532537,-0.0665993831432044,-0.0899441895978359,-0.102918087159694,-0.104262071168458,-0.0964113943739298,-0.0845709674340809,-0.0743659395224929,-0.0692700453925159,-0.0692977569833306,-0.0716689605223115,-0.0729019323481115,-0.0709964413460353,-0.0664735848821062,-0.0618034304285639,-0.0596671604692452,-0.0611471291744376,-0.0649733966753147,-0.0682542335226619,-0.0681297410802896,-0.0632835440024346,-0.0545487181153627,-0.0445378091643315,-0.0366783071995516,-0.0340495780938092,-0.0382839542447509,-0.0487940468735235,-0.0627075486679022,-0.0758702862865433,-0.0848034523674912,-0.0886912631592358,-0.0900908842710805,-0.0936686925402454,-0.103413545609985,-0.119512542586891,-0.136124365764924,-0.141055940525493,-0.117990985280275,-0.0511380029897499,0.0690017574959198,0.240879659568066,0.450085225467174,0.671243696528312,0.873053077750245
0.0456800067529391,0.333046404072084,-0.296438659084301,1.10389002663249,1.40032868571679,0.33340351701985,6.66947430967232,2.20316879161172,6.94541337723503,0.8,0.8,SYNTHETIC_TEST,MATLAB_001,41,1.02499180269113,1.10389002663249,1.09864944279,1.0119197393732,0.858515004910279,0.661413119109216,0.446711003343239,0.238778978880478,0.0565072023258859,-0.0887352530180105,-0.193128029196165,-0.258695104265756,-0.290858019180888,-0.296438659084301,-0.282620813409636,-0.256483747590336,-0.224520255515975,-0.191973515315617,-0.162250786700965,-0.136814577730129,-0.115749426283242,-0.0987217006031656,-0.0857234323408561,-0.077180898415919,-0.0734826641795766,-0.0743156522516193,-0.0782886573776543,-0.0831842216683092,-0.0867732825516429,-0.0876719579646832,-0.0856556934014749,-0.0812878259534434,-0.0752838544567644,-0.0682179015669859,-0.0607764598168019,-0.0541054614475591,-0.0496000618074437,-0.0480820320552625,-0.0490658737320748,-0.0508250854821258,-0.0512165256741344,-0.0486012320003522,-0.0423512149459674,-0.0329528160208207,-0.0218862345315932,-0.0112822160989669,-0.00333184479754666,0.000352872619411686,-0.000853642540231088,-0.00646218195215563,-0.0148269079658907,-0.0230931947132711,-0.0273659561046859,-0.0234773427288754,-0.00842709808298232,0.0180422726689432,0.052654928769033,0.089232112621896,0.120623189977917,0.141158020985081
0.0913348849671442,0.101965988020205,-0.0814427154085853,0.231566146949877,0.313008862358463,0.136256521114951,1.11395037278094,-0.219285150449058,1.56403855619765,0.8,0.8,SYNTHETIC_TEST,MATLAB_001,42,0.148603848053739,0.144809385141293,0.134776991816365,0.124597268064089,0.119169984687427,0.120710545331482,0.128674866344923,0.140993670465683,0.15569846092841,0.171773501578368,0.188742835019413,0.205583192295283,0.220091539671292,0.22942321126924,0.231566146949877,0.226764613474518,0.217833357713616,0.208944759920766,0.203504627538349,0.202493221365081,0.204401492779234,0.206657105532969,0.207286120852987,0.205574878552053,0.201573468483283,0.195283508698504,0.186398741183006,0.174712580265789,0.160646516674896,0.145336191875166,0.130165815151481,0.116086964931274,0.103206017228627,0.0909137595639436,0.0783737195553074,0.0649197620243732,0.0502161230248662,0.0344834186450746,0.018931591218332,0.00590581184974055,-0.0019066614843769,-0.00310751224149379,0.00100945547795922,0.00645544066531651,0.00814894082282837,0.00220460120885125,-0.0123298182160655,-0.0330347011879588,-0.0550112299457461,-0.0726277279181201,-0.0814427154085853,-0.0796717199518299,-0.0687245354633847,-0.0526044562363788,-0.0364033757285749,-0.024591025567331,-0.0198724460129029,-0.0229123522738379,-0.0326353191644151,-0.046679359065421
-0.072521899548941,0.025606266433811,-0.120757684105477,-0.0192723953065247,0.101485288798952,0.0768386542059921,0.354250726811282,0.192084174547471,2.22993184593446,0.8,0.8,SYNTHETIC_TEST,MATLAB_001,43,-0.0618891993502789,-0.0749673467918698,-0.0832825843328477,-0.0855841457122291,-0.0822716866073188,-0.0750295884018658,-0.0660144368514856,-0.0571231528617015,-0.0497891853835174,-0.0452660979932486,-0.0449180435509136,-0.0500283537987991,-0.0610713676429525,-0.0769348018786325,-0.0947347435036104,-0.11045533383205,-0.120088562066743,-0.120757684105477,-0.111495015460945,-0.0935796101682954,-0.0704217788111112,-0.0469547602774971,-0.0285023687118063,-0.0192723953065247,-0.0209643950622082,-0.0321743702649878,-0.049002794481017,-0.0666297306440673,-0.0810747241385174,-0.0902731379333227,-0.0940268776455536,-0.0931150916101481,-0.0884286554681881,-0.0808927428463584,-0.0720961987110942,-0.0647006319904996,-0.0617854623227244,-0.0653168701207739,-0.0748713510937963,-0.0876181179133075,-0.0995603722927505,-0.10723037377214,-0.10902817220481,-0.105761275213348,-0.100160956627268,-0.0954069837315099,-0.093295838133819,-0.0932043741927531,-0.0926467816026653,-0.0890203333234826,-0.0811845623600339,-0.0698367805958483,-0.0568611767043376,-0.0445530491933247,-0.0352220406759206,-0.0309321949438901,-0.0329860526120956,-0.041209676526407,-0.0535225224675724,-0.0662870601142023
-0.041606953362857,0.0558688005523449,-0.124831150827665,0.0854180038677022,0.210249154695367,0.0692852032931805,0.288026363722641,0.831986809811952,2.7391518734312,0.8,0.8,SYNTHETIC_TEST,MATLAB_001,44,-0.0755764367194926,-0.0789311977731017,-0.0766600523313183,-0.071768098275275,-0.0683758834376231,-0.0694919729602873,-0.0754545252851609,-0.0839574530392762,-0.0915800221511481,-0.095778990663564,-0.0960540215122527,-0.093649545682356,-0.0902146427308242,-0.0865272546416141,-0.0822107716406337,-0.0765014260906974,-0.0693185149582395,-0.0618112367658981,-0.0561173437353853,-0.0546179366079245,-0.0590770005713294,-0.0698831970216749,-0.0855593123089808,-0.1028036718988,-0.117256513012036,-0.124831150827665,-0.123090263276194,-0.112059938943171,-0.0941199832677676,-0.0730752790824501,-0.0529196301104389,-0.0368602729671836,-0.0268698782500619,-0.0236419531696012,-0.0266381832181196,-0.0340905278323136,-0.0432140569473409,-0.0509834707442703,-0.0552906348327021,-0.0556694417580642,-0.0529564565797674,-0.0482106586642823,-0.0418728932303819,-0.0337950961267747,-0.023880312898373,-0.012596812199118,-0.000920248556188672,0.010150534733848,0.020101285534927,0.0291801983863011,0.0383356702663658,0.0486995840404275,0.0606570416380108,0.0729465595076662,0.0824954599876388,0.0854180038677022,0.0788280097303739,0.062416111145768,0.0387840593889174,0.0123344452977548
0.0880362642369693,0.342399326752318,-0.250590688619842,1.07117079222877,1.32176148084861,0.350761639576748,7.3820236679141,1.87868690523697,5.14918716707335,0.8,0.8,SYNTHETIC_TEST,MATLAB_001,45,-0.0125872830573632,-0.033244251345648,-0.049003082661579,-0.0607022672746785,-0.0694592540191803,-0.0757179528005755,-0.0790572579347357,-0.0787143800000589,-0.0743443653246809,-0.0664811055693788,-0.0564380938917802,-0.0457985010152838,-0.035918773051591,-0.0277919697037035,-0.0222889279218118,-0.020499149137555,-0.0237748413876758,-0.0332320998726946,-0.0489110150917614,-0.0691915831023942,-0.0909442412574152,-0.11035764205073,-0.123972112109661,-0.12947897776408,-0.126158430484569,-0.114995050252765,-0.0983803719866816,-0.0792941280329951,-0.0602737959538083,-0.0428823941260058,-0.028089868917704,-0.0171331047285692,-0.0119226727668768,-0.0145160489247555,-0.0260896589838269,-0.0461942606044363,-0.0725818901019424,-0.101265049608963,-0.126415936020453,-0.140184766028188,-0.132961919405679,-0.0945772940155405,-0.0164716483868177,0.105583025956352,0.268869324170966,0.462015523350131,0.66506152710942,0.851900626223111,0.994972464181262,1.07117079222877,1.06727448920293,0.983155422980414,0.831684737842009,0.635450433959164,0.421514846685866,0.215829917156647,0.0385921768095716,-0.0986224057832246,-0.193388942558796,-0.250590688619842
-0.0408646625416297,0.125381751970508,-0.287892199022184,0.212702495054122,0.500594694076306,0.130875874946641,1.02770967858292,0.180738477065211,2.89196179727304,0.8,0.8,SYNTHETIC_TEST,MATLAB_001,46,-0.279025741263758,-0.287892199022184,-0.284389255791778,-0.272896052762156,-0.255449169679876,-0.232860068681314,-0.205792769174766,-0.175416026808377,-0.143628247841156,-0.112968395290782,-0.0862363293751165,-0.0659158168067006,-0.0536592484241652,-0.0500132095203672,-0.0543311941925543,-0.0648049681010872,-0.0787105689856364,-0.0929396619829357,-0.104647989043795,-0.111759240215402,-0.113231211994404,-0.10914669036203,-0.100660909833331,-0.0897699909284718,-0.0789164826271261,-0.0705328828059005,-0.0665914908214192,-0.0681268904287531,-0.0747237737438105,-0.0841951071512999,-0.0928586852416611,-0.0965798173455941,-0.0922030696564604,-0.0787477719335555,-0.0579737025978897,-0.0341672426112844,-0.0130331276880054,0.000235705415117531,0.00311514659942917,-0.00290143354394004,-0.0126501584097122,-0.0194342368531055,-0.0180173807636292,-0.00691629355380801,0.0112489428580223,0.0314343774600847,0.048804203915428,0.0608948187825596,0.0684267654487697,0.0746705155347469,0.08380195072766,0.0989537817647766,0.12077101643224,0.147065922228819,0.17361615123047,0.195624813555104,0.209236619178512,0.212702495054122,0.206940578842592,0.195290946332866
0.0491758068827795,0.1155951677045,-0.100246363320967,0.255858375841624,0.35610473916259,0.124730905282505,0.933467923955597,0.366202022685583,1.5680697007611,0.8,0.8,SYNTHETIC_TEST,MATLAB_001,47,0.182505274850273,0.173423593189104,0.171850453428353,0.179729488218322,0.196457343572055,0.21849848851836,0.23988338186405,0.253954944731809,0.255858375841624,0.244556665926366,0.223318047498237,0.198455598940159,0.176896713280905,0.16361347355185,0.160006587928457,0.163832223974366,0.170393423798685,0.174217714103643,0.170661449832578,0.157314632267237,0.135068492009245,0.108295097291909,0.0835115291836224,0.0666474416635361,0.0601113482027885,0.0613113973213053,0.0636807477847101,0.0598876882955006,0.0455778571847893,0.0215649287266975,-0.00676681554409336,-0.0323997514485787,-0.0500863875214282,-0.058239284007078,-0.0586204794951101,-0.0546839268381134,-0.0499035286900615,-0.0467437459198602,-0.0461771796336813,-0.0476248770598677,-0.0494751260744055,-0.0501237139103616,-0.0489178762334096,-0.046337724208393,-0.0434072293209884,-0.0409286204553747,-0.0390986934378105,-0.0376639825696347,-0.0364609756135098,-0.0359896534153591,-0.0375555829061725,-0.0427198006039923,-0.0523085331385946,-0.0655957733874218,-0.0801742619746711,-0.0926455821515014,-0.0998688021254369,-0.100246363320967,-0.0944653268899038,-0.0853063921179857
-0.0711297143029147,0.0239040655317113,-0.105931057950146,-0.0133439495410217,0.0925871084091241,0.0749754439796316,0.337279031996573,0.68300514782326,2.67171003167351,0.8,0.8,SYNTHETIC_TEST,MATLAB_001,48,-0.0765671661681738,-0.071598846932661,-0.0720848757140023,-0.0774659652250011,-0.0851605669579699,-0.0915742233429074,-0.0936234347516421,-0.0901028656610627,-0.0821377213301364,-0.0724811546564602,-0.0641347360531834,-0.0590511983731321,-0.0574271894832337,-0.0577181168263976,-0.0573178589987635,-0.0537319537308282,-0.0458347140394139,-0.034616067834779,-0.023003092936782,-0.0148149222724368,-0.0133439495410217,-0.0201916877234384,-0.0347452482841777,-0.0542918871205095,-0.0746275003859008,-0.0911114263418317,-0.100045655948159,-0.099931348795754,-0.0920096472463745,-0.0797967723397943,-0.0678133124664992,-0.0600134803395775,-0.0584910579607418,-0.0629601004929035,-0.0712101475345089,-0.0802414956563276,-0.0874750584829711,-0.0915896500050088,-0.0928642195040583,-0.0929504539505981,-0.093957524155412,-0.0970931084494744,-0.101688883138882,-0.105450131095794,-0.105931057950146,-0.102245843131272,-0.0957710214439094,-0.0892939377419647,-0.0851897895314146,-0.083938688614398,-0.084017792762954,-0.0831022234557634,-0.0795490016432489,-0.0731153400671077,-0.0646511037390308,-0.0553644479502488,-0.0464743663291486,-0.0394575593204553,-0.0362997340177155,-0.0390405322274203
-0.0262918697852209,0.0514858985224685,-0.0947597609608638,0.0800997023972462,0.17485946335811,0.0574271730196125,0.19787281206147,0.906252979297319,2.60794469082181,0.8,0.8,SYNTHETIC_TEST,MATLAB_001,49,-0.0485735543734032,-0.063446182962735,-0.0796161126263832,-0.0916176859240448,-0.0947597609608638,-0.0873611279109318,-0.0719066202034541,-0.0544056033039073,-0.042058363344979,-0.0402029909810848,-0.0498939175383896,-0.0671990323144353,-0.0846533142954652,-0.0944651032829743,-0.0921423469913928,-0.0786677815753955,-0.0598985237062482,-0.0434681927919626,-0.0350111781129901,-0.0358266002176978,-0.0430573444570711,-0.0519169766586028,-0.058397284042154,-0.0608385327483634,-0.0597456629151108,-0.0565336624566143,-0.0524711726143064,-0.0485341634136264,-0.0457689288403498,-0.0452427624629015,-0.047252769742694,-0.0504589872149603,-0.0519132949697995,-0.048278759070116,-0.0375504763238735,-0.0201716554484682,0.00111909260370499,0.0225082517167841,0.0406300809418298,0.0536941606354072,0.0618776713331983,0.0668744294971144,0.070745372189667,0.0746602041065823,0.0782891304445885,0.0800997023972462,0.0781496052810731,0.0708527991962653,0.0575349356810291,0.0388145749689649,0.0167467962281703,-0.00547508976170168,-0.0243266619651512,-0.0370086385801178,-0.0423666294731065,-0.0414043997970921,-0.0371539750941949,-0.0336894133754304,-0.0344813146221792,-0.0408964448681536
0.0551264315170739,0.36497529641209,-0.28722482644721,1.06815899604881,1.35538382249602,0.366095307708774,8.0415464595829,1.73089089211762,4.68533578080142,0.8,0.8,SYNTHETIC_TEST,MATLAB_001,50,-0.0517390691962257,-0.064093413739088,-0.0749233410969869,-0.0825076039486336,-0.0869352285617815,-0.0894198631617733,-0.0909464094393113,-0.0912901353373993,-0.089203678172934,-0.083628893152034,-0.0749455026633285,-0.0652473446674473,-0.0574277801197801,-0.0537328475168692,-0.0547025547920206,-0.0590542622742922,-0.0644981770793671,-0.0690009849852977,-0.0717913502677329,-0.0736252429253884,-0.0763768475962015,-0.0823418641688359,-0.0934650705789082,-0.110469628687195,-0.132001993242248,-0.154133272476131,-0.170419621445505,-0.172406033901609,-0.150450636972187,-0.0950547621157876,0.000977937433625312,0.139675503452366,0.315278507541778,0.513239575563994,0.711699067735519,0.885250855476385,1.00995359010217,1.06815899604881,1.05183942113412,0.963678738876693,0.815994354957372,0.628133203781247,0.42305349065775,0.223550399530175,0.0485187041606586,-0.0900132737149909,-0.18808294845434,-0.248698410856888,-0.27902070540213,-0.28722482644721,-0.280281943235954,-0.263092162915351,-0.238770593486263,-0.209629425314598,-0.178200970739654,-0.147630286318422,-0.121205761076418,-0.101402703995563,-0.0890737335148472,-0.0832552956732999
0.0436178239612797,0.112670696589674,-0.0829028771884356,0.210565629827163,0.293468507015599,0.119940078119393,0.863137340357168,0.347424778287648,1.40924957104268,0.8,0.8,SYNTHETIC_TEST,MATLAB_001,51,-0.0817181587881353,-0.0820203872295691,-0.0825120538547582,-0.0827071277844919,-0.0828262558754523,-0.0829028771884356,-0.082165830551333,-0.0792010270054623,-0.0728489768920739,-0.0633127917390509,-0.052747336762838,-0.0447397243098051,-0.0426553246411083,-0.0476541514734499,-0.0576551095906674,-0.0680669441019477,-0.0739554473223518,-0.0723961686784014,-0.0637238749430992,-0.0511147618169999,-0.0388789546971327,-0.030469271777539,-0.0272159091118676,-0.0282493670231808,-0.0313931516153956,-0.0343845421750662,-0.0357256810674503,-0.0347539258179357,-0.0310879875516644,-0.0241134040256152,-0.0131092286086297,0.00202755518613238,0.0201283062583527,0.0388738177989511,0.0558017553790874,0.0695752616601139,0.0806432308024645,0.0908626637847023,0.102335261772704,0.116116681305744,0.131506201044479,0.146407825390846,0.158676867179821,0.167583023250008,0.174272811946512,0.180855480206101,0.188816800592233,0.197881370840508,0.206017214756623,0.210565629827163,0.209905716653152,0.204699315133385,0.1978199143629,0.192822670146263,0.191883903209359,0.194583811399839,0.198273996398366,0.19964282559479,0.19642593135978,0.188369348457306
-0.0199428475854901,0.0910558388655243,-0.126715361137293,0.177137264680068,0.303852625817361,0.0924699781810147,0.51304181188784,0.880575476266945,2.42247518324231,0.8,0.8,SYNTHETIC_TEST,MATLAB_001,52,0.177137264680068,0.165374484528083,0.155465143139834,0.14863736867098,0.144784327195598,0.14282972201228,0.141193375001637,0.138129853557418,0.132007763121752,0.121630611513793,0.106601286715602,0.0876440142896547,0.066681077677084,0.0463936156168686,0.0291961748204131,0.016064713688131,0.00608022065612025,-0.00272396576182438,-0.0116355061800947,-0.0199781809173488,-0.0254283355948058,-0.0258462535221378,-0.0212318241679191,-0.0142604048315564,-0.00900435509801202,-0.00879285929955236,-0.0146269230594937,-0.0250613243288809,-0.037477159079571,-0.0497617183421832,-0.0611987335560363,-0.0720630831408667,-0.082434461984075,-0.0912994542332499,-0.0967651933959329,-0.0973370141167504,-0.093325242996124,-0.0872842243456153,-0.0830786914157009,-0.0840755753617423,-0.0914437981715141,-0.103459685115891,-0.11617107427845,-0.125039825773247,-0.126715361137293,-0.120213190985632,-0.107267744963232,-0.0919271706247754,-0.0793832865740806,-0.0740695095060008,-0.077588702006862,-0.0876192093648906,-0.0987829216711147,-0.10532014786125,-0.104071204464547,-0.0959098173972728,-0.0848362718208399,-0.0755276985941084,-0.0709704265524228,-0.0714143404218253
-0.0837340301253665,0.0220091034379953,-0.15153767807534,-0.0526721035050692,0.0988655745702704,0.0865315843566831,0.449262905476665,-1.23173108221423,4.5330474294054,0.8,0.8,SYNTHETIC_TEST,MATLAB_001,53,-0.0748370160583301,-0.0782593192181074,-0.07911089720933,-0.0761886651581837,-0.070024887386773,-0.062550958853679,-0.056160223969008,-0.0526721035050692,-0.0527767658955547,-0.0560952599117767,-0.0615210076249849,-0.0674945139736908,-0.0722100828621898,-0.0740386136236625,-0.0723171353722491,-0.0681048910993096,-0.0641017580243117,-0.0633339883479702,-0.0672642706655226,-0.0746615314436169,-0.0821487505788932,-0.0861624611496096,-0.0850668337599143,-0.0801017839641019,-0.0746733146836256,-0.0725116894259465,-0.0757411524327138,-0.0837834235158174,-0.0935132164438323,-0.100512910808798,-0.100899999971172,-0.0931211741084754,-0.0791310272447694,-0.0643195537505958,-0.0557292996483878,-0.0589620497663825,-0.0752816745995916,-0.100607905486695,-0.127009625103404,-0.145912001817438,-0.15153767807534,-0.143186275427086,-0.12543267612465,-0.106058311612681,-0.0925147658802121,-0.0885889537742354,-0.0930279765101088,-0.100854848948878,-0.106489900290123,-0.106732310422895,-0.10192485963788,-0.0949257454704031,-0.0888629713662952,-0.0852288883082777,-0.0834301005113846,-0.0817852719582635,-0.0789983511734399,-0.0750608532126874,-0.0712153100876492,-0.0692720202660174
-0.0427046266914157,0.0508506074856944,-0.119514516422524,0.0655221630052716,0.185036679427796,0.0660785367409338,0.261982381069376,0.618884688206822,2.46644313456829,0.8,0.8,SYNTHETIC_TEST,MATLAB_001,54,-0.0707795589624712,-0.0764251839215933,-0.0857911213739152,-0.0973791988912913,-0.108795364811854,-0.117116832421605,-0.119514516422524,-0.114077625844257,-0.100624616830445,-0.081200311725032,-0.0599651734472881,-0.0423231698922432,-0.0334057986320479,-0.0362931186943944,-0.0505571245466993,-0.0718717944608031,-0.0932476110878695,-0.107610239084015,-0.110458163175697,-0.101203047864656,-0.0827108985760364,-0.0596423871659407,-0.0366161072132173,-0.0169593877348797,-0.00225960751142588,0.00752775918791304,0.0137320018334895,0.0184444654102442,0.0237633804111492,0.0310034228522025,0.0402653443211575,0.0504907795675313,0.0597453414753382,0.0655221630052716,0.0651895038872728,0.0567982127222394,0.040157426254662,0.0176300281995144,-0.00609567340830841,-0.0255921312435648,-0.0370553503837818,-0.0401108250929312,-0.0378738971481217,-0.0351549208483646,-0.0358808693768322,-0.0411931322189626,-0.0491781848914125,-0.0562912156308694,-0.0596643744821202,-0.0589596897018323,-0.05659734599926,-0.0561537618637285,-0.0599602062659205,-0.0675472616334239,-0.0759896811251463,-0.0817758517685023,-0.0827394046886989,-0.0787721612756164,-0.0712209312816433,-0.0619125999916855
0.0572587792821611,0.363006519105221,-0.322687775366477,1.08003956719699,1.40272734256347,0.364494268591278,7.97136431015344,1.74852766158292,4.8229230191327,0.8,0.8,SYNTHETIC_TEST,MATLAB_001,55,-0.0527646278972025,-0.0460290527072882,-0.0443567335245285,-0.0499931499213503,-0.0634072622109378,-0.0824149389300455,-0.102600591292848,-0.118900158588448,-0.127488239692136,-0.127110958984193,-0.119494581001468,-0.108869064629489,-0.100671878990274,-0.0993879644585176,-0.105731076539383,-0.114103235873356,-0.111925585281059,-0.0821476840868125,-0.0087368865163828,0.116866796317712,0.291070585674127,0.497127808584212,0.708128118903513,0.892942668852401,1.02331453617246,1.08003956719699,1.05651389609041,0.958845577145228,0.802943695639842,0.609990895017557,0.402029363567628,0.19891622646325,0.0169256086913605,-0.131635624427194,-0.238755570526735,-0.301481537302883,-0.322687775366477,-0.310853998636697,-0.278255795440963,-0.237925842468951,-0.200410940503193,-0.171442584707073,-0.151392957317084,-0.136798764890883,-0.123218954917685,-0.107845684286412,-0.0905085604435877,-0.0729502300852211,-0.0573871254742562,-0.0454854080023201,-0.0381500057791039,-0.0357635078985064,-0.0383113631509873,-0.0451774549634115,-0.0548599322465481,-0.0650263280410486,-0.0730900879078616,-0.0770647671540959,-0.0762272177757904,-0.071286896546341
0.0991909652347775,0.102935971351789,-0.0768434333262745,0.257886066737172,0.334729500063446,0.142330828983186,1.21548389274245,-0.249857197517918,1.9516609438234,0.8,0.8,SYNTHETIC_TEST,MATLAB_001,56,-0.0640824423156008,-0.0570070556088164,-0.0523679869802515,-0.0518020563563656,-0.055777056430304,-0.0632205263902679,-0.0714712541704482,-0.0768434333262745,-0.0758457015193767,-0.0665922626209097,-0.0496766242415296,-0.0280272422742078,-0.00575983745092845,0.0135364458347839,0.0283186143223705,0.0395363946445064,0.0495892500392974,0.0604128344955926,0.0720633088357493,0.082792612118829,0.0904284086064673,0.0939710776956988,0.0942992565827751,0.0935572527757624,0.0937015188835373,0.0952942351003683,0.0975024944820435,0.099332245564669,0.101038149813218,0.10440390222237,0.111547985551338,0.123267761432842,0.138416013526958,0.154912688466676,0.171486723402632,0.188479587111347,0.20683490737141,0.22614610913011,0.243649692688246,0.255255479860524,0.257886066737172,0.251328087909858,0.238347676688533,0.223287791661175,0.210348390016056,0.202499494297571,0.201035046950717,0.205303791346162,0.212558802262445,0.218401949508297,0.218141038053445,0.208632651674791,0.189624043888492,0.163799909570067,0.135562632132352,0.109352033948969,0.0884050130514417,0.0742720925378821,0.0668288239249046,0.0645411070514775
-0.0347825723427551,0.0424371112000429,-0.0827672650711999,0.0664143801194513,0.149181645190651,0.0545959760940956,0.178843236340023,1.22116690288556,3.48551186366867,0.8,0.8,SYNTHETIC_TEST,MATLAB_001,57,0.0650692357619768,0.0661764870140669,0.0664143801194513,0.0650485461416933,0.0613906162647659,0.0543099914485721,0.0425559370356969,0.0257991534618303,0.00557737791602842,-0.0148083190431826,-0.0316251655243588,-0.0423228238175534,-0.046241783044727,-0.0442025792070046,-0.0377958743775937,-0.0291538760086156,-0.0211001520553828,-0.0169183005720303,-0.0192529925248865,-0.0286082213948516,-0.0425940151222854,-0.0567490266610541,-0.0666290937856191,-0.0698665536410275,-0.0669281159353564,-0.0603192986676452,-0.0530969923820839,-0.0477765368558434,-0.0459977475368304,-0.0485394712673429,-0.0552021809000737,-0.0645707322301434,-0.0740909505755406,-0.0808287100814614,-0.0827672650711999,-0.0799329098611635,-0.0745035596650146,-0.0695836291052467,-0.0672838058903967,-0.0674183866171813,-0.0678220251671222,-0.0660821309941821,-0.0613860953315495,-0.0551561057330071,-0.0501463859125058,-0.0487930176232523,-0.0519734687335181,-0.0587965443219477,-0.0671641870962987,-0.0744433357344983,-0.0779450779301121,-0.0754278104168762,-0.0658166371015411,-0.049880216790863,-0.0304035531180941,-0.0116907187310581,0.00142042858695073,0.00482125203472835,-0.00350166765059015,-0.0223996985413558
-0.054646992602411,0.0226536745793355,-0.0968977046798835,-0.00815939766277205,0.0887383070171115,0.0590840894226352,0.209455777374117,0.165202807030852,2.41361959724714,0.8,0.8,SYNTHETIC_TEST,MATLAB_001,58,-0.0474347286631565,-0.0720871745984092,-0.0899498745467884,-0.0968977046798835,-0.0922483838889951,-0.0785750725452707,-0.0605081609246949,-0.0431801829429485,-0.0308891530354169,-0.0262047251526277,-0.029464642417611,-0.0387128014877105,-0.0503410318559624,-0.0604735789727835,-0.0665215172977332,-0.0679968213305972,-0.0660999742729575,-0.0624966719218777,-0.0582579811346131,-0.0536665476247398,-0.0488293980533381,-0.0444612951285932,-0.0421340752075557,-0.0436585416778903,-0.0498758601842431,-0.0596501067423798,-0.0698375090262343,-0.0763704066814405,-0.0758649630711613,-0.0669736739036669,-0.0510622418035803,-0.0321313533090878,-0.0159171026930367,-0.00815939766277205,-0.0124661785649469,-0.0286518370507991,-0.052363628455573,-0.076277827014612,-0.0925207589156688,-0.0954886882124863,-0.0840191480270696,-0.061992555081555,-0.0369758100368666,-0.0173651114969291,-0.00923823488328253,-0.0142899439081305,-0.0296690875680818,-0.0495935348827973,-0.0678155471146383,-0.0797742820924667,-0.0836731118488123,-0.0803846889612851,-0.0725373748269551,-0.0632619908712886,-0.0550809548251613,-0.0493436635055104,-0.0463241442586057,-0.045714024930384,-0.0470764931067385,-0.0499882812642593
-0.0245848132393793,0.0675569712029682,-0.113105005890744,0.117832666668506,0.23093767255925,0.0713602947081348,0.305537499649911,0.754138169127434,2.41894397150621,0.8,0.8,SYNTHETIC_TEST,MATLAB_001,59,-0.053915747603545,-0.058064917181472,-0.0613710930405715,-0.0626364450477251,-0.060803207464185,-0.0553225119018264,-0.0464069107714393,-0.0349337281967942,-0.0220703569965597,-0.00892403541529727,0.0036408551454894,0.0151456888432509,0.0257024307542955,0.0360948005305889,0.0474365894037383,0.0604523420149475,0.0748837970938686,0.0894908174361956,0.102571549534093,0.112489935187595,0.117832666668506,0.117330533404758,0.109969849690168,0.0954680212748318,0.0748256009677069,0.0505033902149899,0.0260007366753032,0.00496166524215567,-0.00987564225706073,-0.0175746815748157,-0.0194255767733646,-0.0185565143396458,-0.0186564643881489,-0.022351629700954,-0.0301702770014773,-0.0406753722465443,-0.0515616579386182,-0.061008066030811,-0.0685585362694783,-0.0751178222768011,-0.0821515866340905,-0.090590016754682,-0.0999935218070698,-0.108399744047374,-0.113105005890744,-0.112213099732756,-0.106083506925993,-0.0975152115864037,-0.0902389273497201,-0.0866337250763809,-0.0863157818453569,-0.0866089106006817,-0.0844522567952349,-0.0783743288581902,-0.0694434698794274,-0.0609606252459519,-0.0571837110015444,-0.0615285717243521,-0.0749234968791222,-0.0951933713930246
0.042434641840194,0.3669759102647,-0.298350398078194,1.08701985056131,1.3853702486395,0.366370707841298,8.05364973384801,1.80182041429182,4.94392359901435,0.8,0.8,SYNTHETIC_TEST,MATLAB_001,60,-0.117933573409348,-0.138261267648339,-0.151981913273943,-0.15503720635409,-0.141576081390867,-0.10250058501756,-0.0265919273562363,0.0951418582439343,0.263584482989228,0.467247771764116,0.68222346388347,0.87687569806079,1.01963323992847,1.08701985056131,1.06913289770664,0.970984275513113,0.80983010687929,0.6099902174186,0.397151654569379,0.193826329289825,0.0168519349886919,-0.123154346203924,-0.221308683276612,-0.277953912472301,-0.298350398078194,-0.291880303573258,-0.270067355022739,-0.243632855997181,-0.219755279715426,-0.20082799900157,-0.185244661411795,-0.169674177817282,-0.151601093601497,-0.130917716229595,-0.109962137423411,-0.0922456858739595,-0.0807167963488538,-0.0764391176562602,-0.0781678015693845,-0.0828586500243532,-0.0868062115759938,-0.0869506982482994,-0.0819782869114951,-0.072971737367234,-0.0633246854481365,-0.0576405005291364,-0.0597998761100711,-0.0711050518874007,-0.0895868400124953,-0.11082238503651,-0.129656602729126,-0.141926151454482,-0.14560173268552,-0.141077198461137,-0.130499242340815,-0.116387687321887,-0.100330188070882,-0.0826476376436097,-0.0632006308514105,-0.0424604009515931
